{
  "precision": [
    0.9949664429530202,
    0.9900166389351082,
    0.9950248756218906,
    0.9910979228486647
  ],
  "recall": [
    0.9883333333333333,
    0.9916666666666667,
    1.0,
    0.9910979228486647
  ],
  "f1_score": [
    0.9916387959866221,
    0.9908409658617818,
    0.9975062344139651,
    0.9910979228486647
  ],
  "confusion_matrix": [
    [
      593,
      3,
      2,
      2
    ],
    [
      3,
      595,
      1,
      1
    ],
    [
      0,
      0,
      600,
      0
    ],
    [
      0,
      3,
      0,
      334
    ]
  ],
  "per_class_metrics": {
    "clips": {
      "precision": 0.9949664429530202,
      "recall": 0.9883333333333333,
      "f1_score": 0.9916387959866221,
      "support": 600
    },
    "dog_bark": {
      "precision": 0.9900166389351082,
      "recall": 0.9916666666666667,
      "f1_score": 0.9908409658617818,
      "support": 600
    },
    "engine_idling": {
      "precision": 0.9950248756218906,
      "recall": 1.0,
      "f1_score": 0.9975062344139651,
      "support": 600
    },
    "gun_shot": {
      "precision": 0.9910979228486647,
      "recall": 0.9910979228486647,
      "f1_score": 0.9910979228486647,
      "support": 337
    }
  }
}